{"20": {"17": 0.17034628596731172, "21": 0.5382319140619248, "1": 0.11556254088025605, "18": 0.25359100540830376, "5": 0.13617619485048055, "16": 0.28573838340637214, "10": 0.17510104899311874, "8": 0.34992923027444595, "4": 0.23799864840657528, "2": 0.03706246583305506, "9": 0.28022426915890253, "15": 0.20384356208180282, "13": 0.28625128703833574, "3": 0.18232322463624387, "12": 0.14958028063561582, "6": 0.1912165400329852, "11": 0.17944458136637376, "14": 0.14567140814584595}, "17": {"20": 0.17034628596731172, "21": 0.3949542479056513, "1": 0.0944911182523068, "18": 0.2431903503983405, "13": 0.25077519565890877, "16": 0.17699808135119716, "5": 0.1649572197684645, "10": 0.11013346473215285, "8": 0.2558831578595795, "4": 0.12613124477737825, "3": 0.15811388300841897, "6": 0.18394180184548975, "12": 0.14824986333222023, "14": 0.12407291674636628, "9": 0.20003306604965967, "15": 0.12626906806902635, "11": 0.12227087189088336}, "21": {"20": 0.5382319140619248, "17": 0.3949542479056513, "1": 0.2239180112586228, "18": 0.5510183027054859, "16": 0.39846502137459056, "3": 0.3122387487351613, "4": 0.3914119857878453, "13": 0.5062286138403795, "5": 0.3420404120188709, "10": 0.38422950430402386, "8": 0.6063728409849196, "2": 0.1396374134762594, "9": 0.38783737222971454, "6": 0.4601077747065397, "14": 0.2842181280103252, "15": 0.2792748269525188, "11": 0.34608836844709656, "12": 0.38058743628420216}, "1": {"20": 0.11556254088025605, "17": 0.0944911182523068, "21": 0.2239180112586228, "18": 0.11288091024643272, "16": 0.21853668936906195, "3": 0.07968190728895957, "4": 0.15891043154093204, "13": 0.04914731871829905, "5": 0.10910894511799618, "10": 0.0647523908238176, "8": 0.14360673947588817, "2": 0.44543540318737396, "9": 0.09622504486493763, "6": 0.02703690352179376, "14": 0.04376881095324085, "15": 0.0445435403187374, "11": 0.03594425773447947}, "18": {"20": 0.25359100540830376, "17": 0.2431903503983405, "21": 0.5510183027054859, "1": 0.11288091024643272, "2": 0.07240486142559965, "10": 0.17103782631371178, "9": 0.2346185661017325, "8": 0.3167986936336982, "5": 0.19213454583878073, "13": 0.3295389679417324, "3": 0.17809241125400246, "16": 0.20298750515565225, "11": 0.10224699738625065, "15": 0.21721458427679896, "6": 0.19776637813007203, "12": 0.22580523205378839, "4": 0.1162379429567601, "14": 0.16007748835410995}, "16": {"3": 0.15672078199387576, "21": 0.39846502137459056, "1": 0.21853668936906195, "4": 0.14287992527381863, "17": 0.17699808135119716, "13": 0.1933288618331376, "5": 0.08175191193132877, "20": 0.28573838340637214, "10": 0.09096925576737037, "8": 0.25362863675089403, "2": 0.10012523486435178, "9": 0.14419681878290003, "6": 0.1671277095022601, "11": 0.06059678724350827, "18": 0.20298750515565225, "12": 0.18367958959266126, "14": 0.14757569038298454, "15": 0.10012523486435178}, "3": {"16": 0.15672078199387576, "21": 0.3122387487351613, "1": 0.07968190728895957, "4": 0.11396057645963796, "5": 0.07824607964359516, "13": 0.17622684421256035, "8": 0.22068370737618737, "18": 0.17809241125400246, "20": 0.18232322463624387, "12": 0.1640825308284734, "11": 0.12888481555661677, "17": 0.15811388300841897, "6": 0.0581675050747111, "14": 0.09416472308615167, "15": 0.15971914124998496, "10": 0.023218173010628604, "9": 0.046004370622823615}, "4": {"16": 0.14287992527381863, "3": 0.11396057645963796, "21": 0.3914119857878453, "1": 0.15891043154093204, "5": 0.14564381625088382, "20": 0.23799864840657528, "17": 0.12613124477737825, "10": 0.16669525197974314, "8": 0.2816715160878121, "2": 0.10192943828752511, "15": 0.10192943828752511, "6": 0.18560646746692377, "9": 0.20184335693983277, "12": 0.14959151840135315, "13": 0.14058038927888333, "18": 0.1162379429567601, "11": 0.16450322423053299, "14": 0.02503915429180672}, "13": {"17": 0.25077519565890877, "16": 0.1933288618331376, "21": 0.5062286138403795, "1": 0.04914731871829905, "5": 0.19304683562633607, "3": 0.17622684421256035, "8": 0.3085304536722668, "18": 0.3295389679417324, "20": 0.28625128703833574, "15": 0.19702760155977517, "9": 0.21281413268968716, "6": 0.2989780457718374, "12": 0.15903660629071606, "11": 0.3020824253557243, "4": 0.14058038927888333, "10": 0.1432082875315512, "14": 0.15488061853247326}, "5": {"20": 0.13617619485048055, "17": 0.1649572197684645, "16": 0.08175191193132877, "21": 0.3420404120188709, "10": 0.19075675652968382, "8": 0.2148861237401014, "1": 0.10910894511799618, "4": 0.14564381625088382, "13": 0.19304683562633607, "3": 0.07824607964359516, "18": 0.19213454583878073, "12": 0.21398024625545645, "14": 0.1432670637653132, "6": 0.17699808135119716, "11": 0.09412416106700233, "9": 0.1889822365046136, "15": 0.029160592175990215}, "10": {"5": 0.19075675652968382, "20": 0.17510104899311874, "17": 0.11013346473215285, "16": 0.09096925576737037, "21": 0.38422950430402386, "8": 0.19129123994352418, "1": 0.0647523908238176, "4": 0.16669525197974314, "2": 0.1557522394953495, "18": 0.17103782631371178, "3": 0.023218173010628604, "11": 0.16757831697804315, "13": 0.1432082875315512, "6": 0.17331971020739498, "15": 0.1557522394953495, "9": 0.13084683595481034, "12": 0.03809696588797296, "14": 0.12753608187321183}, "8": {"5": 0.2148861237401014, "20": 0.34992923027444595, "17": 0.2558831578595795, "16": 0.25362863675089403, "21": 0.6063728409849196, "10": 0.19129123994352418, "1": 0.14360673947588817, "4": 0.2816715160878121, "9": 0.26057865332352387, "2": 0.03289758474798845, "18": 0.3167986936336982, "11": 0.21237274928075958, "13": 0.3085304536722668, "3": 0.22068370737618737, "6": 0.2795530723408051, "12": 0.19312181983410703, "14": 0.16162704595880897, "15": 0.148039131365948}, "2": {"1": 0.44543540318737396, "21": 0.1396374134762594, "4": 0.10192943828752511, "10": 0.1557522394953495, "18": 0.07240486142559965, "20": 0.03706246583305506, "16": 0.10012523486435178, "9": 0.05143444998736397, "8": 0.03289758474798845}, "9": {"16": 0.14419681878290003, "21": 0.38783737222971454, "1": 0.09622504486493763, "6": 0.17170739878997723, "2": 0.05143444998736397, "8": 0.26057865332352387, "18": 0.2346185661017325, "20": 0.28022426915890253, "15": 0.12858612496840993, "17": 0.20003306604965967, "13": 0.21281413268968716, "3": 0.046004370622823615, "4": 0.20184335693983277, "12": 0.07548513560963972, "11": 0.2282766956670531, "10": 0.13084683595481034, "5": 0.1889822365046136, "14": 0.12634967392981725}, "6": {"9": 0.17170739878997723, "16": 0.1671277095022601, "21": 0.4601077747065397, "1": 0.02703690352179376, "17": 0.18394180184548975, "3": 0.0581675050747111, "12": 0.17497830981833887, "8": 0.2795530723408051, "14": 0.12780429685269148, "13": 0.2989780457718374, "15": 0.086710996952412, "18": 0.19776637813007203, "20": 0.1912165400329852, "5": 0.17699808135119716, "4": 0.18560646746692377, "11": 0.20991342856239587, "10": 0.17331971020739498}, "14": {"1": 0.04376881095324085, "21": 0.2842181280103252, "17": 0.12407291674636628, "16": 0.14757569038298454, "3": 0.09416472308615167, "6": 0.12780429685269148, "12": 0.18025917091861166, "8": 0.16162704595880897, "5": 0.1432670637653132, "11": 0.19822791512600965, "18": 0.16007748835410995, "4": 0.02503915429180672, "10": 0.12753608187321183, "20": 0.14567140814584595, "9": 0.12634967392981725, "13": 0.15488061853247326, "15": 0.07018624063435965}, "15": {"20": 0.20384356208180282, "9": 0.12858612496840993, "21": 0.2792748269525188, "1": 0.0445435403187374, "13": 0.19702760155977517, "3": 0.15971914124998496, "8": 0.148039131365948, "18": 0.21721458427679896, "17": 0.12626906806902635, "16": 0.10012523486435178, "6": 0.086710996952412, "4": 0.10192943828752511, "10": 0.1557522394953495, "12": 0.07862136275414387, "5": 0.029160592175990215, "14": 0.07018624063435965, "11": 0.0576390417704235}, "11": {"21": 0.34608836844709656, "16": 0.06059678724350827, "8": 0.21237274928075958, "1": 0.03594425773447947, "3": 0.12888481555661677, "10": 0.16757831697804315, "18": 0.10224699738625065, "13": 0.3020824253557243, "12": 0.10573873360945339,